m,q,n*(m),failure (2^x),pk (bytes),ct (bytes)
5,3329,14,-300.0,1952,2304
6,3329,14,-300.0,2336,2688
7,3329,14,-300.0,2720,3072
8,3329,15,-300.0,3104,3456
9,3329,15,-300.0,3488,3840
10,3329,15,-300.0,3872,4224
11,3329,15,-300.0,4256,4608
12,3329,15,-300.0,4640,4992
13,3329,15,-295.2,5024,5376
14,3329,15,-274.1,5408,5760
15,3329,15,-255.7,5792,6144
16,3329,16,-239.7,6176,6528
17,3329,16,-225.4,6560,6912
18,3329,16,-212.7,6944,7296
19,3329,16,-201.3,7328,7680
20,3329,16,-191.1,7712,8064
21,3329,16,-181.8,8096,8448
22,3329,16,-173.4,8480,8832
23,3329,16,-165.7,8864,9216
24,3329,16,-158.6,9248,9600
25,3329,16,-152.1,9632,9984
26,3329,16,-146.1,10016,10368
27,3329,16,-140.6,10400,10752
28,3329,16,-135.4,10784,11136
29,3329,16,-130.6,11168,11520
30,3329,16,-126.1,11552,11904
5,7681,14,-300.0,2112,2496
6,7681,14,-300.0,2528,2912
7,7681,14,-300.0,2944,3328
8,7681,15,-300.0,3360,3744
9,7681,15,-300.0,3776,4160
10,7681,15,-300.0,4192,4576
11,7681,15,-300.0,4608,4992
12,7681,15,-300.0,5024,5408
13,7681,15,-300.0,5440,5824
14,7681,15,-300.0,5856,6240
15,7681,15,-300.0,6272,6656
16,7681,16,-300.0,6688,7072
17,7681,16,-300.0,7104,7488
18,7681,16,-300.0,7520,7904
19,7681,16,-300.0,7936,8320
20,7681,16,-300.0,8352,8736
21,7681,16,-300.0,8768,9152
22,7681,16,-300.0,9184,9568
23,7681,16,-300.0,9600,9984
24,7681,16,-300.0,10016,10400
25,7681,16,-300.0,10432,10816
26,7681,16,-300.0,10848,11232
27,7681,16,-300.0,11264,11648
28,7681,16,-300.0,11680,12064
29,7681,16,-300.0,12096,12480
30,7681,16,-300.0,12512,12896
31,7681,16,-300.0,12928,13312
32,7681,17,-300.0,13344,13728
33,7681,17,-300.0,13760,14144
34,7681,17,-300.0,14176,14560
35,7681,17,-300.0,14592,14976
36,7681,17,-300.0,15008,15392
37,7681,17,-300.0,15424,15808
38,7681,17,-300.0,15840,16224
39,7681,17,-300.0,16256,16640
40,7681,17,-300.0,16672,17056
41,7681,17,-300.0,17088,17472
42,7681,17,-300.0,17504,17888
43,7681,17,-300.0,17920,18304
44,7681,17,-300.0,18336,18720
45,7681,17,-300.0,18752,19136
46,7681,17,-300.0,19168,19552
47,7681,17,-300.0,19584,19968
48,7681,17,-300.0,20000,20384
49,7681,17,-300.0,20416,20800
50,7681,17,-300.0,20832,21216
51,7681,17,-300.0,21248,21632
52,7681,17,-300.0,21664,22048
53,7681,17,-300.0,22080,22464
54,7681,17,-300.0,22496,22880
55,7681,17,-300.0,22912,23296
56,7681,17,-300.0,23328,23712
57,7681,17,-300.0,23744,24128
58,7681,17,-300.0,24160,24544
59,7681,17,-300.0,24576,24960
60,7681,17,-300.0,24992,25376
61,7681,17,-300.0,25408,25792
62,7681,17,-300.0,25824,26208
63,7681,17,-300.0,26240,26624
64,7681,18,-300.0,26656,27040
65,7681,18,-300.0,27072,27456
66,7681,18,-300.0,27488,27872
67,7681,18,-300.0,27904,28288
68,7681,18,-299.7,28320,28704
69,7681,18,-297.3,28736,29120
70,7681,18,-293.3,29152,29536
71,7681,18,-289.1,29568,29952
72,7681,18,-285.0,29984,30368
73,7681,18,-281.1,30400,30784
74,7681,18,-277.2,30816,31200
75,7681,18,-273.5,31232,31616
76,7681,18,-269.8,31648,32032
77,7681,18,-266.3,32064,32448
78,7681,18,-262.8,32480,32864
79,7681,18,-259.5,32896,33280
80,7681,18,-256.2,33312,33696
81,7681,18,-253.0,33728,34112
82,7681,18,-249.8,34144,34528
83,7681,18,-246.8,34560,34944
84,7681,18,-243.8,34976,35360
85,7681,18,-240.9,35392,35776
86,7681,18,-238.0,35808,36192
87,7681,18,-235.2,36224,36608
88,7681,18,-232.5,36640,37024
89,7681,18,-229.9,37056,37440
90,7681,18,-227.3,37472,37856
91,7681,18,-224.7,37888,38272
92,7681,18,-222.2,38304,38688
93,7681,18,-219.8,38720,39104
94,7681,18,-217.4,39136,39520
95,7681,18,-215.1,39552,39936
96,7681,18,-212.8,39968,40352
97,7681,18,-210.6,40384,40768
98,7681,18,-208.4,40800,41184
99,7681,18,-206.2,41216,41600
100,7681,18,-204.1,41632,42016
101,7681,18,-202.1,42048,42432
102,7681,18,-200.1,42464,42848
103,7681,18,-198.1,42880,43264
104,7681,18,-196.1,43296,43680
105,7681,18,-194.2,43712,44096
106,7681,18,-192.4,44128,44512
107,7681,18,-190.5,44544,44928
108,7681,18,-188.7,44960,45344
109,7681,18,-186.9,45376,45760
110,7681,18,-185.2,45792,46176
111,7681,18,-183.5,46208,46592
112,7681,18,-181.8,46624,47008
113,7681,18,-180.2,47040,47424
114,7681,18,-178.6,47456,47840
115,7681,18,-177.0,47872,48256
116,7681,18,-175.4,48288,48672
117,7681,18,-173.9,48704,49088
118,7681,18,-172.4,49120,49504
119,7681,18,-170.9,49536,49920
120,7681,18,-169.4,49952,50336
121,7681,18,-168.0,50368,50752
122,7681,18,-166.6,50784,51168
123,7681,18,-165.2,51200,51584
124,7681,18,-163.8,51616,52000
125,7681,18,-162.5,52032,52416
126,7681,18,-161.1,52448,52832
127,7681,18,-159.8,52864,53248
128,7681,19,-158.6,53280,53664
129,7681,19,-157.3,53696,54080
130,7681,19,-156.1,54112,54496
131,7681,19,-154.8,54528,54912
132,7681,19,-153.6,54944,55328
133,7681,19,-152.4,55360,55744
134,7681,19,-151.3,55776,56160
135,7681,19,-150.1,56192,56576
136,7681,19,-149.0,56608,56992
137,7681,19,-147.9,57024,57408
138,7681,19,-146.8,57440,57824
139,7681,19,-145.7,57856,58240
140,7681,19,-144.6,58272,58656
141,7681,19,-143.5,58688,59072
142,7681,19,-142.5,59104,59488
143,7681,19,-141.5,59520,59904
144,7681,19,-140.5,59936,60320
145,7681,19,-139.5,60352,60736
146,7681,19,-138.5,60768,61152
147,7681,19,-137.5,61184,61568
148,7681,19,-136.5,61600,61984
149,7681,19,-135.6,62016,62400
150,7681,19,-134.7,62432,62816
151,7681,19,-133.7,62848,63232
152,7681,19,-132.8,63264,63648
153,7681,19,-131.9,63680,64064
154,7681,19,-131.0,64096,64480
155,7681,19,-130.2,64512,64896
156,7681,19,-129.3,64928,65312
157,7681,19,-128.5,65344,65728
158,7681,19,-127.6,65760,66144